{
  "report": {
    "0": {
      "precision": 0.9994549913706967,
      "recall": 0.9246218487394958,
      "f1-score": 0.9605831769173687,
      "support": 11900.0
    },
    "1": {
      "precision": 0.4935064935064935,
      "recall": 0.9931818181818182,
      "f1-score": 0.6593738211995473,
      "support": 880.0
    },
    "accuracy": 0.9293427230046948,
    "macro avg": {
      "precision": 0.7464807424385951,
      "recall": 0.9589018334606569,
      "f1-score": 0.809978499058458,
      "support": 12780.0
    },
    "weighted avg": {
      "precision": 0.9646165971515653,
      "recall": 0.9293427230046948,
      "f1-score": 0.9398426266019005,
      "support": 12780.0
    }
  },
  "confusion_matrix": [
    [
      11003,
      897
    ],
    [
      6,
      874
    ]
  ],
  "roc_auc": 0.9851278170359052
}